Age,MSE
7035.0,6.4472666
7245.0,6.9192634
7455.0,6.9418807
7665.0,6.795268
7875.0,6.7382097
8085.0,6.997516
8295.0,6.7200828
8505.0,6.825424
