Age,MSE
6940,0.0
7190,11.697135
7470,11.312237
7780,10.803587
8000,13.10209
8230,10.932584
8540,12.505442
8790,1.5728779e-06
